{
  "utilisateurs": [
    {
      "id": 1,
      "pseudo": "Alain",
      "email": "alain@yahoo.fr",
      "password": "123456",
      "urlImgProfil": "https://thispersondoesnotexist.com/image"
    },
    {
      "id": 2,
      "pseudo": "Béatrice",
      "email": "bea@yahoo.fr",
      "password": "123456",
      "urlImgProfil": "https://thispersondoesnotexist.com/image"
    }
  ],
  "articles": [
    {
      "id": 1,
      "contenu": "lorem ipsum",
      "urlImgArticle": "https://source.unsplash.com/random/1000x300",
      "like": 2,
      "pseudo": "Alain",
      "": "",
      "date": 1649277945051,
      "commentaires": [
        {
          "id": 1,
          "contenu": "lorem ipsum",
          "pseudo": "Béatrice",
          "dt": 1649277945051
        },
        {
          "id": 2,
          "contenu": "lorem ipsum",
          "pseudo": "Béatrice",
          "dt": 1649277945051
        }
      ]
    }
  ]
}